id,price
5001,196000.0
5002,126400.0
5003,150500.0
5004,682000.0
5005,226600.0
5006,133166.66666666666
5007,621500.0
5008,303948.275862069
5009,434000.0
5010,530000.0
5011,366000.0
5012,207500.0
5013,373642.85714285716
5014,459000.0
5015,572000.0
5016,117500.0
5017,408000.0
5018,560181.8181818182
5019,178966.66666666666
5020,438642.85714285716
5021,292444.44444444444
5022,231750.0
5023,110500.0
5024,237735.29411764705
5025,534500.0
5026,283812.5
5027,425500.0
5028,401500.0
5029,293000.0
5030,250000.0
5031,485000.0
5032,433000.0
5033,454000.0
5034,179500.0
5035,181500.0
5036,458500.0
5037,178729.16666666666
5038,451184.2105263158
5039,411500.0
5040,439000.0
5041,350500.0
5042,210750.0
5043,323500.0
5044,199500.0
5045,585821.4285714285
5046,205000.0
5047,360055.55555555556
5048,164000.0
5049,535409.0909090909
5050,236850.0
5051,169157.8947368421
5052,332000.0
5053,584500.0
5054,654500.0
5055,255000.0
5056,340000.0
5057,234500.0
5058,337562.5
5059,463911.76470588235
5060,380000.0
5061,579333.3333333334
5062,159000.0
5063,308894.7368421053
5064,232500.0
5065,375500.0
5066,470500.0
5067,157000.0
5068,231000.0
5069,321888.8888888889
5070,670000.0
5071,371062.5
5072,298500.0
5073,96000.0
5074,340150.0
5075,499000.0
5076,158500.0
5077,188750.0
5078,519500.0
5079,565607.1428571428
5080,149000.0
5081,183500.0
5082,690000.0
5083,345000.0
5084,721000.0
5085,246500.0
5086,364666.6666666667
5087,179500.0
5088,206500.0
5089,617000.0
5090,531000.0
5091,321000.0
5092,729500.0
5093,460500.0
5094,193500.0
5095,484500.0
5096,312000.0
5097,205500.0
5098,198000.0
5099,223678.57142857142
5100,418500.0
5101,464833.3333333333
5102,270500.0
5103,420000.0
5104,469500.0
5105,297000.0
5106,677500.0
5107,197950.0
5108,477400.0
5109,391000.0
5110,572500.0
5111,317166.6666666667
5112,711000.0
5113,196000.0
5114,242000.0
5115,212000.0
5116,248857.14285714287
5117,328500.0
5118,327500.0
5119,423500.0
5120,341000.0
5121,176700.0
5122,610500.0
5123,246500.0
5124,251500.0
5125,519718.75
5126,442500.0
5127,243500.0
5128,325500.0
5129,281500.0
5130,310000.0
5131,454500.0
5132,382000.0
5133,409000.0
5134,337500.0
5135,411125.0
5136,125500.0
5137,207500.0
5138,603000.0
5139,388500.0
5140,233000.0
5141,509000.0
5142,328192.3076923077
5143,311000.0
5144,505272.7272727273
5145,361500.0
5146,160500.0
5147,170500.0
5148,493500.0
5149,216000.0
5150,391527.77777777775
5151,834000.0
5152,208500.0
5153,251375.0
5154,610500.0
5155,506500.0
5156,190000.0
5157,167000.0
5158,734000.0
5159,147000.0
5160,136500.0
5161,163875.0
5162,362500.0
5163,426562.5
5164,123500.0
5165,219269.23076923078
5166,324500.0
5167,245035.7142857143
5168,337500.0
5169,525000.0
5170,274500.0
5171,346500.0
5172,480000.0
5173,364000.0
5174,879500.0
5175,258000.0
5176,561300.0
5177,183500.0
5178,195000.0
5179,945500.0
5180,399600.0
5181,209500.0
5182,626000.0
5183,107000.0
5184,340000.0
5185,235000.0
5186,449941.17647058825
5187,359000.0
5188,243500.0
5189,709000.0
5190,379500.0
5191,225000.0
5192,607000.0
5193,331444.44444444444
5194,195000.0
5195,379000.0
5196,119500.0
5197,490000.0
5198,239000.0
5199,604500.0
5200,939000.0
5201,110000.0
5202,463000.0
5203,192857.14285714287
5204,336300.0
5205,541500.0
5206,465000.0
5207,143500.0
5208,269500.0
5209,405500.0
5210,187500.0
5211,307500.0
5212,436000.0
5213,230312.5
5214,603500.0
5215,357291.6666666667
5216,448800.0
5217,114500.0
5218,568000.0
5219,171500.0
5220,299472.22222222225
5221,223571.42857142858
5222,351000.0
5223,178214.2857142857
5224,173000.0
5225,91000.0
5226,506333.3333333333
5227,186333.33333333334
5228,388200.0
5229,391000.0
5230,594000.0
5231,506500.0
5232,241500.0
5233,358500.0
5234,510000.0
5235,163500.0
5236,187500.0
5237,127111.11111111111
5238,294500.0
5239,192500.0
5240,233625.0
5241,280416.6666666667
5242,428000.0
5243,561000.0
5244,411562.5
5245,154500.0
5246,253500.0
5247,148000.0
5248,176500.0
5249,247000.0
5250,368500.0
5251,155500.0
5252,242000.0
5253,250500.0
5254,163500.0
5255,175000.0
5256,216576.92307692306
5257,217000.0
5258,297900.0
5259,242125.0
5260,469653.8461538461
5261,128700.0
5262,181500.0
5263,289000.0
5264,509000.0
5265,169000.0
5266,133750.0
5267,516000.0
5268,312500.0
5269,319000.0
5270,239866.66666666666
5271,260500.0
5272,357500.0
5273,824000.0
5274,628000.0
5275,520500.0
5276,591500.0
5277,225833.33333333334
5278,495500.0
5279,547500.0
5280,144000.0
5281,379000.0
5282,242000.0
5283,291000.0
5284,350000.0
5285,450000.0
5286,206900.0
5287,144833.33333333334
5288,814500.0
5289,148000.0
5290,532425.0
5291,317250.0
5292,607500.0
5293,228500.0
5294,130250.0
5295,302703.7037037037
5296,576000.0
5297,482041.6666666667
5298,233250.0
5299,270189.1891891892
5300,501500.0
5301,172250.0
5302,652500.0
5303,335500.0
5304,89750.0
5305,107000.0
5306,193800.0
5307,314000.0
5308,523000.0
5309,566500.0
5310,301500.0
5311,260500.0
5312,459000.0
5313,464000.0
5314,480500.0
5315,487500.0
5316,441000.0
5317,473375.0
5318,93500.0
5319,206625.0
5320,187500.0
5321,201466.66666666666
5322,311500.0
5323,338500.0
5324,190000.0
5325,197000.0
5326,612500.0
5327,232000.0
5328,581500.0
5329,529500.0
5330,208500.0
5331,390029.4117647059
5332,520500.0
5333,287500.0
5334,361000.0
5335,315500.0
5336,283200.0
5337,527000.0
5338,246571.42857142858
5339,349500.0
5340,335500.0
5341,851500.0
5342,633000.0
5343,890000.0
5344,152000.0
5345,241250.0
5346,694500.0
5347,718500.0
5348,435750.0
5349,362500.0
5350,397000.0
5351,514000.0
5352,523000.0
5353,187000.0
5354,233125.0
5355,564500.0
5356,281500.0
5357,122500.0
5358,790000.0
5359,246500.0
5360,226000.0
5361,195000.0
5362,111500.0
5363,646000.0
5364,727500.0
5365,238000.0
5366,223863.63636363635
5367,879500.0
5368,401500.0
5369,312000.0
5370,203000.0
5371,263750.0
5372,1149000.0
5373,239500.0
5374,179931.81818181818
5375,333000.0
5376,347000.0
5377,653000.0
5378,119500.0
5379,469500.0
5380,465800.0
5381,398500.0
5382,543055.5555555555
5383,299357.14285714284
5384,235000.0
5385,138500.0
5386,303000.0
5387,813500.0
5388,934500.0
5389,217166.66666666666
5390,74000.0
5391,233000.0
5392,567500.0
5393,521500.0
5394,193500.0
5395,239000.0
5396,108500.0
5397,116750.0
5398,495500.0
5399,178000.0
5400,396000.0
5401,451000.0
5402,785250.0
5403,441500.0
5404,473500.0
5405,328000.0
5406,320300.0
5407,144000.0
5408,360500.0
5409,361000.0
5410,100500.0
5411,196000.0
5412,423833.3333333333
5413,297000.0
5414,219468.75
5415,676000.0
5416,219500.0
5417,172860.0
5418,479500.0
5419,236500.0
5420,212250.0
5421,547500.0
5422,235000.0
5423,286000.0
5424,350333.3333333333
5425,188000.0
5426,334000.0
5427,335772.7272727273
5428,573500.0
5429,124000.0
5430,184821.42857142858
5431,472000.0
5432,167833.33333333334
5433,409500.0
5434,144833.33333333334
5435,490500.0
5436,385500.0
5437,219000.0
5438,559500.0
5439,923000.0
5440,824000.0
5441,653500.0
5442,400500.0
5443,349500.0
5444,483500.0
5445,275000.0
5446,128500.0
5447,201300.0
5448,134500.0
5449,193500.0
5450,216500.0
5451,398000.0
5452,353500.0
5453,391250.0
5454,310500.0
5455,871000.0
5456,447500.0
5457,386500.0
5458,250500.0
5459,448500.0
5460,144000.0
5461,229142.85714285713
5462,94500.0
5463,153555.55555555556
5464,145000.0
5465,431214.28571428574
5466,287000.0
5467,287500.0
5468,170416.66666666666
5469,562500.0
5470,226000.0
5471,226000.0
5472,237785.7142857143
5473,116000.0
5474,143750.0
5475,256500.0
5476,219500.0
5477,518500.0
5478,708000.0
5479,500000.0
5480,293500.0
5481,308000.0
5482,370000.0
5483,570000.0
5484,292625.0
5485,257000.0
5486,229500.0
5487,160000.0
5488,424000.0
5489,251000.0
5490,155500.0
5491,457000.0
5492,315500.0
5493,527000.0
5494,245050.0
5495,292000.0
5496,687000.0
5497,711961.5384615385
5498,531000.0
5499,85500.0
5500,300500.0
5501,1038000.0
5502,779500.0
5503,482000.0
5504,69000.0
5505,202000.0
5506,265600.0
5507,234000.0
5508,401000.0
5509,311500.0
5510,272400.0
5511,308000.0
5512,183500.0
5513,400500.0
5514,319500.0
5515,138000.0
5516,1133500.0
5517,360000.0
5518,175250.0
5519,338000.0
5520,1065500.0
5521,489500.0
5522,158500.0
5523,839000.0
5524,250000.0
5525,939000.0
5526,480000.0
5527,233692.3076923077
5528,288461.53846153844
5529,401666.6666666667
5530,163625.0
5531,365500.0
5532,152000.0
5533,169500.0
5534,122500.0
5535,436000.0
5536,687000.0
5537,318000.0
5538,478500.0
5539,189312.5
5540,902500.0
5541,679500.0
5542,214500.0
5543,567312.5
5544,478500.0
5545,572500.0
5546,169000.0
5547,361000.0
5548,328000.0
5549,236500.0
5550,257500.0
5551,374000.0
5552,681500.0
5553,351000.0
5554,155000.0
5555,302500.0
5556,291000.0
5557,244066.66666666666
5558,871000.0
5559,448000.0
5560,296500.0
5561,688000.0
5562,353500.0
5563,308333.3333333333
5564,212500.0
5565,182000.0
5566,407500.0
5567,243000.0
5568,348125.0
5569,220000.0
5570,248000.0
5571,218000.0
5572,432000.0
5573,577500.0
5574,447500.0
5575,610500.0
5576,101750.0
5577,638500.0
5578,312500.0
5579,113000.0
5580,894000.0
5581,195916.66666666666
5582,333500.0
5583,303000.0
5584,316500.0
5585,69000.0
5586,305000.0
5587,567500.0
5588,420000.0
5589,420500.0
5590,230000.0
5591,193500.0
5592,394000.0
5593,191250.0
5594,170500.0
5595,447500.0
5596,105500.0
5597,301500.0
5598,335000.0
5599,544500.0
5600,110000.0
5601,148500.0
5602,264750.0
5603,96000.0
5604,148500.0
5605,305300.0
5606,185000.0
5607,243458.33333333334
5608,368666.6666666667
5609,375791.6666666667
5610,459500.0
5611,177500.0
5612,439000.0
5613,697500.0
5614,1149000.0
5615,293500.0
5616,347250.0
5617,257687.5
5618,421000.0
5619,179375.0
5620,625500.0
5621,308000.0
5622,403500.0
5623,359000.0
5624,91500.0
5625,309333.3333333333
5626,286000.0
5627,135666.66666666666
5628,253000.0
5629,329500.0
5630,440400.0
5631,537000.0
5632,752500.0
5633,228166.66666666666
5634,282500.0
5635,690000.0
5636,251000.0
5637,453500.0
5638,327088.23529411765
5639,589000.0
5640,142750.0
5641,315500.0
5642,189437.5
5643,201500.0
5644,181000.0
5645,393500.0
5646,243500.0
5647,346433.3333333333
5648,122277.77777777778
5649,438545.45454545453
5650,345500.0
5651,160500.0
5652,374500.0
5653,974000.0
5654,273500.0
5655,617000.0
5656,377500.0
5657,397954.54545454547
5658,446000.0
5659,748500.0
5660,243100.0
5661,509000.0
5662,84500.0
5663,138500.0
5664,122666.66666666667
5665,630500.0
5666,173000.0
5667,135500.0
5668,330000.0
5669,98500.0
5670,1104500.0
5671,132500.0
5672,545900.0
5673,359000.0
5674,128500.0
5675,257100.0
5676,404000.0
5677,334500.0
5678,897000.0
5679,301000.0
5680,290500.0
5681,210750.0
5682,471500.0
5683,326333.3333333333
5684,123000.0
5685,83500.0
5686,102000.0
5687,257500.0
5688,233500.0
5689,133000.0
5690,274000.0
5691,289000.0
5692,171500.0
5693,503500.0
5694,274000.0
5695,97500.0
5696,265500.0
5697,503500.0
5698,265666.6666666667
5699,280500.0
5700,235500.0
5701,155500.0
5702,234500.0
5703,1146500.0
5704,137000.0
5705,568000.0
5706,156500.0
5707,166100.0
5708,345500.0
5709,235500.0
5710,622000.0
5711,645187.5
5712,584500.0
5713,201000.0
5714,117250.0
5715,269000.0
5716,253500.0
5717,283000.0
5718,451500.0
5719,280000.0
5720,185000.0
5721,444000.0
5722,461000.0
5723,185000.0
5724,126500.0
5725,114000.0
5726,251500.0
5727,294597.22222222225
5728,244500.0
5729,500000.0
5730,456000.0
5731,730500.0
5732,208500.0
5733,190833.33333333334
5734,227000.0
5735,289500.0
5736,332000.0
5737,526000.0
5738,302000.0
5739,449375.0
5740,274500.0
5741,316000.0
5742,237666.66666666666
5743,775000.0
5744,337000.0
5745,379166.6666666667
5746,373000.0
5747,511000.0
5748,604500.0
5749,427500.0
5750,152000.0
5751,768857.1428571428
5752,263000.0
5753,168500.0
5754,305000.0
5755,196166.66666666666
5756,176000.0
5757,261250.0
5758,278000.0
5759,209500.0
5760,590500.0
5761,215500.0
5762,237833.33333333334
5763,261000.0
5764,573500.0
5765,854000.0
5766,345000.0
5767,131000.0
5768,279500.0
5769,458500.0
5770,219500.0
5771,397500.0
5772,451000.0
5773,454500.0
5774,158000.0
5775,752500.0
5776,168500.0
5777,156750.0
5778,290155.1724137931
5779,898500.0
5780,823000.0
5781,501500.0
5782,141600.0
5783,218000.0
5784,665000.0
5785,457500.0
5786,294409.0909090909
5787,400500.0
5788,541964.2857142857
5789,425500.0
5790,487500.0
5791,291000.0
5792,131000.0
5793,250500.0
5794,440872.0930232558
5795,464000.0
5796,1155000.0
5797,693500.0
5798,163500.0
5799,320318.1818181818
5800,320500.0
5801,124500.0
5802,257500.0
5803,569000.0
5804,299500.0
5805,449375.0
5806,343375.0
5807,202000.0
5808,357000.0
5809,1011000.0
5810,717500.0
5811,499714.28571428574
5812,318500.0
5813,332500.0
5814,421000.0
5815,134400.0
5816,203600.0
5817,656000.0
5818,138500.0
5819,524500.0
5820,409500.0
5821,677500.0
5822,137250.0
5823,287000.0
5824,301000.0
5825,175973.68421052632
5826,166000.0
5827,460000.0
5828,339000.0
5829,504500.0
5830,210961.53846153847
5831,343500.0
5832,466000.0
5833,138000.0
5834,599500.0
5835,813500.0
5836,124500.0
5837,166000.0
5838,294318.1818181818
5839,276250.0
5840,355500.0
5841,308000.0
5842,867500.0
5843,575500.0
5844,247000.0
5845,89500.0
5846,1101500.0
5847,296000.0
5848,569000.0
5849,341500.0
5850,401500.0
5851,366000.0
5852,605500.0
5853,160500.0
5854,234686.0465116279
5855,150031.25
5856,183000.0
5857,576200.0
5858,656000.0
5859,909000.0
5860,169000.0
5861,547500.0
5862,108500.0
5863,230500.0
5864,242000.0
5865,362000.0
5866,199500.0
5867,444050.0
5868,383000.0
5869,506500.0
5870,447000.0
5871,406000.0
5872,1056500.0
5873,287166.6666666667
5874,251750.0
5875,230500.0
5876,459000.0
5877,117000.0
5878,496000.0
5879,129000.0
5880,222750.0
5881,241500.0
5882,336000.0
5883,339857.14285714284
5884,340000.0
5885,269000.0
5886,147500.0
5887,656500.0
5888,82000.0
5889,253500.0
5890,210833.33333333334
5891,653000.0
5892,361000.0
5893,319500.0
5894,335304.347826087
5895,240500.0
5896,192500.0
5897,218000.0
5898,144500.0
5899,236000.0
5900,412000.0
5901,493500.0
5902,152900.0
5903,243458.33333333334
5904,180500.0
5905,235950.0
5906,122500.0
5907,256300.0
5908,298944.44444444444
5909,538407.4074074074
5910,796000.0
5911,570714.2857142857
5912,488500.0
5913,348500.0
5914,347500.0
5915,182500.0
5916,274000.0
5917,400500.0
5918,482000.0
5919,277000.0
5920,568000.0
5921,386000.0
5922,85500.0
5923,378500.0
5924,91000.0
5925,167071.42857142858
5926,273500.0
5927,228750.0
5928,380375.0
5929,159000.0
5930,571000.0
5931,500545.45454545453
5932,420000.0
5933,506500.0
5934,164800.0
5935,574500.0
5936,468619.04761904763
5937,402500.0
5938,150500.0
5939,140750.0
5940,441500.0
5941,233000.0
5942,150333.33333333334
5943,93000.0
5944,711500.0
5945,311000.0
5946,422500.0
5947,160928.57142857142
5948,343500.0
5949,97500.0
5950,215500.0
5951,489500.0
5952,257500.0
5953,261500.0
5954,396000.0
5955,200500.0
5956,425000.0
5957,351000.0
5958,1199000.0
5959,160000.0
5960,211000.0
5961,252000.0
5962,383500.0
5963,220750.0
5964,164000.0
5965,557500.0
5966,275000.0
5967,362000.0
5968,439500.0
5969,419500.0
5970,441000.0
5971,415250.0
5972,143900.0
5973,315500.0
5974,158500.0
5975,268000.0
5976,221500.0
5977,606000.0
5978,294000.0
5979,268000.0
5980,354142.85714285716
5981,188500.0
5982,622833.3333333334
5983,619500.0
5984,728000.0
5985,371000.0
5986,290714.28571428574
5987,249000.0
5988,361000.0
5989,375000.0
5990,612500.0
5991,227500.0
5992,344500.0
5993,166000.0
5994,265000.0
5995,169500.0
5996,274500.0
5997,218000.0
5998,365500.0
5999,260642.85714285713
6000,314000.0
6001,181645.83333333334
6002,180500.0
6003,972000.0
6004,113000.0
6005,780500.0
6006,321000.0
6007,362500.0
6008,1002500.0
6009,152000.0
6010,929000.0
6011,452266.6666666667
6012,260000.0
6013,280000.0
6014,210500.0
6015,161500.0
6016,175000.0
6017,537500.0
6018,592000.0
6019,168625.0
6020,238500.0
6021,816000.0
6022,619000.0
6023,565000.0
6024,330282.0512820513
6025,418250.0
6026,418500.0
6027,186318.18181818182
6028,290000.0
6029,536500.0
6030,655000.0
6031,844500.0
6032,502500.0
6033,216500.0
6034,194437.5
6035,167500.0
6036,768000.0
6037,566000.0
6038,1177000.0
6039,521500.0
6040,351500.0
6041,279500.0
6042,171500.0
6043,355000.0
6044,148000.0
6045,305500.0
6046,536000.0
6047,466750.0
6048,180450.0
6049,159000.0
6050,176000.0
6051,314000.0
6052,533318.1818181818
6053,823500.0
6054,627500.0
6055,210500.0
6056,683000.0
6057,179181.81818181818
6058,329500.0
6059,95000.0
6060,399000.0
6061,379000.0
6062,164055.55555555556
6063,275500.0
6064,179500.0
6065,324500.0
6066,221686.27450980392
6067,585300.0
6068,612000.0
6069,188500.0
6070,226000.0
6071,177000.0
6072,143000.0
6073,894500.0
6074,180500.0
6075,323450.0
6076,144000.0
6077,207600.0
6078,433638.8888888889
6079,493500.0
6080,927000.0
6081,593000.0
6082,194500.0
6083,659000.0
6084,503500.0
6085,311750.0
6086,329500.0
6087,357500.0
6088,897000.0
6089,488000.0
6090,195500.0
6091,323500.0
6092,421636.36363636365
6093,317000.0
6094,170571.42857142858
6095,248500.0
6096,170833.33333333334
6097,619500.0
6098,162500.0
6099,280000.0
6100,247000.0
6101,894000.0
6102,574000.0
6103,343250.0
6104,282000.0
6105,874500.0
6106,329300.0
6107,620000.0
6108,349100.0
6109,373500.0
6110,295500.0
6111,229000.0
6112,348000.0
6113,233500.0
6114,283500.0
6115,113850.0
6116,538000.0
6117,117750.0
6118,370000.0
6119,233000.0
6120,181500.0
6121,276700.0
6122,198000.0
6123,372500.0
6124,387250.0
6125,321500.0
6126,906000.0
6127,135000.0
6128,251500.0
6129,219462.96296296295
6130,190571.42857142858
6131,260031.25
6132,378000.0
6133,312000.0
6134,291000.0
6135,548000.0
6136,300400.0
6137,551000.0
6138,254500.0
6139,355500.0
6140,401000.0
6141,149500.0
6142,359000.0
6143,189000.0
6144,798500.0
6145,522500.0
6146,456000.0
6147,474000.0
6148,1177000.0
6149,213000.0
6150,236500.0
6151,472500.0
6152,155500.0
6153,169500.0
6154,133000.0
6155,214500.0
6156,333400.0
6157,122000.0
6158,647500.0
6159,307000.0
6160,1173500.0
6161,573925.0
6162,475500.0
6163,522500.0
6164,473500.0
6165,251166.66666666666
6166,345000.0
6167,439500.0
6168,439500.0
6169,310250.0
6170,603500.0
6171,413000.0
6172,408000.0
6173,672000.0
6174,273863.63636363635
6175,166166.66666666666
6176,573500.0
6177,117500.0
6178,316000.0
6179,401285.71428571426
6180,473464.28571428574
6181,316250.0
6182,130000.0
6183,247000.0
6184,235000.0
6185,462125.0
6186,268666.6666666667
6187,354500.0
6188,422000.0
6189,227333.33333333334
6190,135000.0
6191,355777.77777777775
6192,283000.0
6193,823000.0
6194,331000.0
6195,255235.29411764705
6196,373500.0
6197,692142.8571428572
6198,213333.33333333334
6199,559500.0
6200,440500.0
6201,322000.0
6202,317000.0
6203,352500.0
6204,391083.3333333333
6205,481000.0
6206,576777.7777777778
6207,188400.0
6208,195000.0
6209,499000.0
6210,154500.0
6211,844500.0
6212,298000.0
6213,366750.0
6214,504000.0
6215,286000.0
6216,423500.0
6217,452666.6666666667
6218,694000.0
6219,378500.0
6220,129333.33333333333
6221,656000.0
6222,465000.0
6223,189500.0
6224,98500.0
6225,546500.0
6226,335500.0
6227,387000.0
6228,277000.0
6229,287000.0
6230,319884.6153846154
6231,434000.0
6232,337500.0
6233,286000.0
6234,910500.0
6235,536000.0
6236,110500.0
6237,604500.0
6238,212500.0
6239,248000.0
6240,310800.0
6241,724000.0
6242,143000.0
6243,105000.0
6244,459500.0
6245,291000.0
6246,88500.0
6247,269000.0
6248,906000.0
6249,357500.0
6250,639500.0
6251,318500.0
6252,409500.0
6253,100500.0
6254,331500.0
6255,164500.0
6256,301708.3333333333
6257,288900.0
6258,403133.3333333333
6259,184500.0
6260,89000.0
6261,196200.0
6262,462500.0
6263,549500.0
6264,269000.0
6265,136500.0
6266,268000.0
6267,605500.0
6268,345000.0
6269,324400.0
6270,697500.0
6271,289000.0
6272,262875.0
6273,653500.0
6274,188500.0
6275,1120000.0
6276,961500.0
6277,134000.0
6278,172750.0
6279,400500.0
6280,461000.0
6281,511000.0
6282,736500.0
6283,307750.0
6284,187500.0
6285,343000.0
6286,209750.0
6287,901000.0
6288,215000.0
6289,141000.0
6290,98833.33333333333
6291,566000.0
6292,101333.33333333333
6293,251500.0
6294,242000.0
6295,468000.0
6296,451000.0
6297,90000.0
6298,265000.0
6299,686500.0
6300,135500.0
6301,726000.0
6302,124500.0
6303,502000.0
6304,333500.0
6305,396000.0
6306,305000.0
6307,144000.0
6308,329000.0
6309,267500.0
6310,551500.0
6311,442000.0
6312,613500.0
6313,330000.0
6314,1069000.0
6315,188133.33333333334
6316,287000.0
6317,273400.0
6318,91000.0
6319,317000.0
6320,499000.0
6321,392000.0
6322,77000.0
6323,505000.0
6324,489500.0
6325,426000.0
6326,568000.0
6327,880500.0
6328,366000.0
6329,199166.66666666666
6330,361000.0
6331,307500.0
6332,96000.0
6333,363500.0
6334,184500.0
6335,247500.0
6336,314000.0
6337,378166.6666666667
6338,277000.0
6339,595500.0
6340,255500.0
6341,320000.0
6342,633000.0
6343,361000.0
6344,499000.0
6345,190681.81818181818
6346,114777.77777777778
6347,677500.0
6348,209500.0
6349,102600.0
6350,163500.0
6351,89500.0
6352,217500.0
6353,300840.0
6354,626000.0
6355,191500.0
6356,203500.0
6357,293500.0
6358,388000.0
6359,618500.0
6360,217333.33333333334
6361,723500.0
6362,346000.0
6363,455000.0
6364,296500.0
6365,169200.0
6366,258500.0
6367,499000.0
6368,540000.0
6369,509000.0
6370,253500.0
6371,519500.0
6372,262500.0
6373,109500.0
6374,433000.0
6375,279750.0
6376,492000.0
6377,202500.0
6378,220800.0
6379,92000.0
6380,1038000.0
6381,880500.0
6382,607250.0
6383,244000.0
6384,120500.0
6385,309500.0
6386,162583.33333333334
6387,304000.0
6388,674500.0
6389,367692.3076923077
6390,188500.0
6391,176000.0
6392,372500.0
6393,324500.0
6394,515000.0
6395,297500.0
6396,95000.0
6397,765500.0
6398,319500.0
6399,150333.33333333334
6400,239000.0
6401,243166.66666666666
6402,94500.0
6403,141500.0
6404,244000.0
6405,880500.0
6406,294666.6666666667
6407,414500.0
6408,546000.0
6409,180000.0
6410,128500.0
6411,1119500.0
6412,197500.0
6413,342500.0
6414,159000.0
6415,360000.0
6416,484357.14285714284
6417,1002500.0
6418,294500.0
6419,298000.0
6420,169700.0
6421,389000.0
6422,256500.0
6423,335250.0
6424,455714.28571428574
6425,210500.0
6426,560500.0
6427,223500.0
6428,593481.4814814815
6429,200820.0
6430,315218.75
6431,219000.0
6432,370500.0
6433,144500.0
6434,240500.0
6435,473500.0
6436,254000.0
6437,166500.0
6438,347500.0
6439,268500.0
6440,525406.25
6441,469272.7272727273
6442,288300.0
6443,188038.46153846153
6444,305000.0
6445,134000.0
6446,95000.0
6447,179000.0
6448,297000.0
6449,329312.5
6450,378500.0
6451,561500.0
6452,359000.0
6453,457500.0
6454,220500.0
6455,610000.0
6456,286500.0
6457,320000.0
6458,281000.0
6459,140333.33333333334
6460,183500.0
6461,126500.0
6462,114000.0
6463,191500.0
6464,77000.0
6465,585500.0
6466,113000.0
6467,324500.0
6468,247400.0
6469,705500.0
6470,513261.90476190473
6471,241500.0
6472,131000.0
6473,144000.0
6474,386000.0
6475,475500.0
6476,267000.0
6477,296000.0
6478,220000.0
6479,171500.0
6480,347500.0
6481,346500.0
6482,572833.3333333334
6483,182375.0
6484,213000.0
6485,408500.0
6486,482500.0
6487,641000.0
6488,114000.0
6489,544500.0
6490,378000.0
6491,326000.0
6492,104500.0
6493,248000.0
6494,453500.0
6495,426000.0
6496,169500.0
6497,176500.0
6498,359500.0
6499,164666.66666666666
6500,157500.0
6501,509500.0
6502,339500.0
6503,447750.0
6504,167875.0
6505,266500.0
6506,249250.0
6507,202000.0
6508,110000.0
6509,119000.0
6510,249500.0
6511,619500.0
6512,420000.0
6513,509000.0
6514,156000.0
6515,142769.23076923078
6516,202000.0
6517,191500.0
6518,263500.0
6519,324500.0
6520,739500.0
6521,220375.0
6522,187500.0
6523,370000.0
6524,303000.0
6525,554500.0
6526,168500.0
6527,254000.0
6528,657500.0
6529,540500.0
6530,395500.0
6531,203833.33333333334
6532,215000.0
6533,314000.0
6534,365500.0
6535,311500.0
6536,152500.0
6537,541500.0
6538,442000.0
6539,705500.0
6540,238000.0
6541,138000.0
6542,990000.0
6543,380000.0
6544,198375.0
6545,656500.0
6546,580500.0
6547,565000.0
6548,651500.0
6549,189500.0
6550,287761.90476190473
6551,1173500.0
6552,499000.0
6553,651500.0
6554,575500.0
6555,337000.0
6556,218545.45454545456
6557,259500.0
6558,339666.6666666667
6559,269000.0
6560,398000.0
6561,334000.0
6562,135500.0
6563,353000.0
6564,143000.0
6565,347000.0
6566,195250.0
6567,139600.0
6568,185000.0
6569,438529.4117647059
6570,293500.0
6571,310500.0
6572,427730.76923076925
6573,246500.0
6574,469500.0
6575,432500.0
6576,233500.0
6577,187500.0
6578,586166.6666666666
6579,198500.0
6580,192500.0
6581,184500.0
6582,221500.0
6583,221000.0
6584,522500.0
6585,382000.0
6586,747500.0
6587,210333.33333333334
6588,151833.33333333334
6589,214733.33333333334
6590,470500.0
6591,368000.0
6592,88000.0
6593,250000.0
6594,664500.0
6595,271500.0
6596,326500.0
6597,547500.0
6598,94875.0
6599,380500.0
6600,217000.0
6601,765500.0
6602,447000.0
6603,308000.0
6604,319000.0
6605,586500.0
6606,417000.0
6607,243500.0
6608,200500.0
6609,368500.0
6610,612000.0
6611,780500.0
6612,509500.0
6613,243875.0
6614,229076.92307692306
6615,597000.0
6616,319000.0
6617,219250.0
6618,576750.0
6619,394000.0
6620,664500.0
6621,418000.0
6622,945000.0
6623,140000.0
6624,247000.0
6625,352500.0
6626,121500.0
6627,311125.0
6628,473333.3333333333
6629,241600.0
6630,762000.0
6631,168800.0
6632,230500.0
6633,205000.0
6634,519500.0
6635,722260.0
6636,338000.0
6637,993000.0
6638,301000.0
6639,154000.0
6640,750500.0
6641,126500.0
6642,208600.0
6643,765500.0
6644,165800.0
6645,158500.0
6646,292500.0
6647,429687.5
6648,369000.0
6649,546000.0
6650,451000.0
6651,463125.0
6652,497000.0
6653,231000.0
6654,242500.0
6655,408269.23076923075
6656,694000.0
6657,302000.0
6658,607500.0
6659,552500.0
6660,518500.0
6661,334000.0
6662,182000.0
6663,360000.0
6664,215500.0
6665,163500.0
6666,264000.0
6667,409000.0
6668,725000.0
6669,294692.3076923077
6670,288000.0
6671,237250.0
6672,149166.66666666666
6673,137000.0
6674,418500.0
6675,222000.0
6676,396500.0
6677,451000.0
6678,86500.0
6679,285000.0
6680,413000.0
6681,368500.0
6682,221500.0
6683,521076.92307692306
6684,727000.0
6685,561000.0
6686,452500.0
6687,440500.0
6688,482400.0
6689,215000.0
6690,580500.0
6691,482000.0
6692,406500.0
6693,219052.63157894736
6694,687000.0
6695,187800.0
6696,425500.0
6697,870000.0
6698,303000.0
6699,134500.0
6700,183789.47368421053
6701,246500.0
6702,282500.0
6703,350500.0
6704,349500.0
6705,439000.0
6706,554000.0
6707,215250.0
6708,549000.0
6709,148500.0
6710,209500.0
6711,150531.25
6712,588500.0
6713,447500.0
6714,240500.0
6715,428500.0
6716,196833.33333333334
6717,166500.0
6718,135500.0
6719,126000.0
6720,593000.0
6721,167500.0
6722,253500.0
6723,605500.0
6724,312500.0
6725,162200.0
6726,332000.0
6727,586500.0
6728,215000.0
6729,221500.0
6730,393250.0
6731,215000.0
6732,344000.0
6733,272500.0
6734,361500.0
6735,108500.0
6736,521000.0
6737,324000.0
6738,348000.0
6739,274500.0
6740,174000.0
6741,590500.0
6742,134625.0
6743,313000.0
6744,329000.0
6745,510000.0
6746,160500.0
6747,515000.0
6748,482125.0
6749,207500.0
6750,114000.0
6751,588500.0
6752,197500.0
6753,894000.0
6754,372500.0
6755,524000.0
6756,221400.0
6757,318500.0
6758,552500.0
6759,129000.0
6760,294000.0
6761,161500.0
6762,301500.0
6763,96000.0
6764,168500.0
6765,329666.6666666667
6766,421500.0
6767,181869.04761904763
6768,249000.0
6769,709000.0
6770,403500.0
6771,486524.39024390245
6772,477608.6956521739
6773,538409.0909090909
6774,148000.0
6775,238000.0
6776,226500.0
6777,411500.0
6778,580500.0
6779,247000.0
6780,345000.0
6781,194500.0
6782,457500.0
6783,829000.0
6784,266000.0
6785,727000.0
6786,183000.0
6787,254000.0
6788,553000.0
6789,202500.0
6790,266500.0
6791,586944.4444444445
6792,535500.0
6793,334000.0
6794,382000.0
6795,453500.0
6796,346500.0
6797,220750.0
6798,226000.0
6799,367000.0
6800,365428.5714285714
6801,306500.0
6802,109500.0
6803,182920.0
6804,521500.0
6805,303000.0
6806,856500.0
6807,312500.0
6808,148000.0
6809,306000.0
6810,298000.0
6811,664500.0
6812,149000.0
6813,249500.0
6814,518500.0
6815,363000.0
6816,652000.0
6817,161500.0
6818,705500.0
6819,178714.2857142857
6820,834000.0
6821,184083.33333333334
6822,200625.0
6823,183166.66666666666
6824,595500.0
6825,332000.0
6826,176000.0
6827,259500.0
6828,355500.0
6829,433500.0
6830,437500.0
6831,750500.0
6832,172500.0
6833,453500.0
6834,219000.0
6835,452000.0
6836,694000.0
6837,402000.0
6838,178625.0
6839,839000.0
6840,218785.7142857143
6841,223263.15789473685
6842,447500.0
6843,434000.0
6844,337500.0
6845,229250.0
6846,181500.0
6847,1249500.0
6848,605500.0
6849,464000.0
6850,188500.0
6851,271250.0
6852,180500.0
6853,188500.0
6854,235500.0
6855,178375.0
6856,547500.0
6857,799500.0
6858,210083.33333333334
6859,118500.0
6860,253500.0
6861,299500.0
6862,218000.0
6863,103000.0
6864,158500.0
6865,502500.0
6866,660500.0
6867,250500.0
6868,309500.0
6869,110750.0
6870,316000.0
6871,135500.0
6872,359000.0
6873,515000.0
6874,819000.0
6875,310000.0
6876,179500.0
6877,198000.0
6878,217000.0
6879,233400.0
6880,711500.0
6881,162500.0
6882,290357.14285714284
6883,217462.96296296295
6884,293781.25
6885,423000.0
6886,159590.9090909091
6887,599500.0
6888,499000.0
6889,399500.0
6890,333500.0
6891,636500.0
6892,421000.0
6893,132500.0
6894,657000.0
6895,137000.0
6896,110000.0
6897,504000.0
6898,605500.0
6899,712500.0
6900,182500.0
6901,535500.0
6902,239000.0
6903,450500.0
6904,408000.0
6905,291500.0
6906,670000.0
6907,205000.0
6908,533000.0
6909,821500.0
6910,146000.0
6911,377000.0
6912,247500.0
6913,219000.0
6914,364500.0
6915,718500.0
6916,334500.0
6917,279000.0
6918,256500.0
6919,290750.0
6920,607000.0
6921,207125.0
6922,124500.0
6923,203937.5
6924,248000.0
6925,85500.0
6926,401500.0
6927,346500.0
6928,333000.0
6929,484000.0
6930,675500.0
6931,130500.0
6932,252500.0
6933,186916.66666666666
6934,488000.0
6935,237625.0
6936,337000.0
6937,609500.0
6938,154583.33333333334
6939,354500.0
6940,406000.0
6941,440500.0
6942,311500.0
6943,192500.0
6944,465500.0
6945,287500.0
6946,134000.0
6947,694500.0
6948,225500.0
6949,813500.0
6950,592500.0
6951,437000.0
6952,390500.0
6953,203500.0
6954,275500.0
6955,361000.0
6956,160500.0
6957,359000.0
6958,206500.0
6959,148000.0
6960,335000.0
6961,396000.0
6962,211500.0
6963,166500.0
6964,376500.0
6965,458000.0
6966,265000.0
6967,136000.0
6968,500500.0
6969,574000.0
6970,400500.0
6971,138500.0
6972,245000.0
6973,135200.0
6974,409125.0
6975,283000.0
6976,163250.0
6977,511500.0
6978,749500.0
6979,149833.33333333334
6980,938000.0
6981,114000.0
6982,759000.0
6983,897000.0
6984,241500.0
6985,695000.0
6986,1056500.0
6987,225000.0
6988,625500.0
6989,311500.0
6990,576500.0
6991,174555.55555555556
6992,226250.0
6993,239400.0
6994,912500.0
6995,568000.0
6996,413000.0
6997,572500.0
6998,219000.0
6999,670000.0
7000,304500.0
7001,114000.0
7002,470500.0
7003,360000.0
7004,135500.0
7005,252500.0
7006,187708.33333333334
7007,309500.0
7008,609500.0
7009,309900.0
7010,120800.0
7011,656500.0
7012,413500.0
7013,413250.0
7014,230500.0
7015,88000.0
7016,310000.0
7017,209583.33333333334
7018,545000.0
7019,305500.0
7020,495500.0
7021,177500.0
7022,149562.5
7023,358500.0
7024,388000.0
7025,317000.0
7026,181250.0
7027,502000.0
7028,131666.66666666666
7029,482500.0
7030,418000.0
7031,202000.0
7032,229500.0
7033,258000.0
7034,163500.0
7035,233727.27272727274
7036,451000.0
7037,314000.0
7038,359500.0
7039,709500.0
7040,184000.0
7041,132500.0
7042,253000.0
7043,320000.0
7044,209000.0
7045,370000.0
7046,316500.0
7047,220000.0
7048,171500.0
7049,193900.0
7050,334000.0
7051,208083.33333333334
7052,185000.0
7053,341833.3333333333
7054,120500.0
7055,260333.33333333334
7056,357500.0
7057,207500.0
7058,728500.0
7059,164000.0
7060,134000.0
7061,172000.0
7062,234750.0
7063,734500.0
7064,265875.0
7065,477500.0
7066,679000.0
7067,291000.0
7068,252000.0
7069,348500.0
7070,601500.0
7071,494000.0
7072,548500.0
7073,240500.0
7074,482000.0
7075,484000.0
7076,520000.0
7077,133000.0
7078,246200.0
7079,385500.0
7080,431750.0
7081,298000.0
7082,794500.0
7083,244166.66666666666
7084,147500.0
7085,365500.0
7086,582000.0
7087,382708.3333333333
7088,150000.0
7089,930500.0
7090,545000.0
7091,204000.0
7092,385500.0
7093,399500.0
7094,280000.0
7095,229000.0
7096,726555.5555555555
7097,287000.0
7098,260500.0
7099,148500.0
7100,230600.0
7101,149500.0
7102,328000.0
7103,257000.0
7104,1029500.0
7105,244500.0
7106,296000.0
7107,489500.0
7108,134000.0
7109,900500.0
7110,262500.0
7111,169500.0
7112,280500.0
7113,563500.0
7114,609500.0
7115,312000.0
7116,166500.0
7117,317500.0
7118,990000.0
7119,579000.0
7120,582500.0
7121,296500.0
7122,142000.0
7123,114000.0
7124,552000.0
7125,803500.0
7126,162166.66666666666
7127,278666.6666666667
7128,213500.0
7129,161000.0
7130,409000.0
7131,779500.0
7132,246500.0
7133,855000.0
7134,308500.0
7135,321000.0
7136,92000.0
7137,409500.0
7138,151166.66666666666
7139,483500.0
7140,461000.0
7141,620000.0
7142,537500.0
7143,265000.0
7144,109833.33333333333
7145,233500.0
7146,342550.0
7147,184500.0
7148,212750.0
7149,219000.0
7150,333000.0
7151,200666.66666666666
7152,418000.0
7153,578500.0
7154,222633.33333333334
7155,693500.0
7156,191400.0
7157,404833.3333333333
7158,538000.0
7159,282500.0
7160,452500.0
7161,234500.0
7162,241500.0
7163,375000.0
7164,197500.0
7165,129000.0
7166,332000.0
7167,149500.0
7168,196000.0
7169,159500.0
7170,103500.0
7171,408000.0
7172,385000.0
7173,1048500.0
7174,493500.0
7175,241500.0
7176,108000.0
7177,1058000.0
7178,186833.33333333334
7179,497375.0
7180,663000.0
7181,618250.0
7182,482921.875
7183,676000.0
7184,150000.0
7185,612000.0
7186,1303000.0
7187,628000.0
7188,314611.1111111111
7189,247500.0
7190,186000.0
7191,386000.0
7192,236500.0
7193,133000.0
7194,162000.0
7195,478500.0
7196,586500.0
7197,296500.0
7198,519500.0
7199,338000.0
7200,482352.9411764706
7201,148500.0
7202,479062.5
7203,318500.0
7204,158000.0
7205,413500.0
7206,209583.33333333334
7207,413000.0
7208,359500.0
7209,234000.0
7210,926000.0
7211,99000.0
7212,327650.0
7213,1094500.0
7214,103500.0
7215,487000.0
7216,491500.0
7217,209263.15789473685
7218,152000.0
7219,500000.0
7220,114000.0
7221,257750.0
7222,186166.66666666666
7223,716400.0
7224,252500.0
7225,341823.5294117647
7226,182926.82926829267
7227,350000.0
7228,653363.6363636364
7229,620500.0
7230,250500.0
7231,428500.0
7232,607500.0
7233,433000.0
7234,341500.0
7235,222500.0
7236,230894.73684210525
7237,358000.0
7238,129000.0
7239,728000.0
7240,363500.0
7241,280500.0
7242,358000.0
7243,1130000.0
7244,293500.0
7245,319500.0
7246,609500.0
7247,261523.2558139535
7248,342500.0
7249,250500.0
7250,182800.0
7251,297500.0
7252,611500.0
7253,188500.0
7254,348500.0
7255,150500.0
7256,316500.0
7257,139000.0
7258,296000.0
7259,356500.0
7260,366500.0
7261,312166.6666666667
7262,421500.0
7263,243588.88888888888
7264,329250.0
7265,331500.0
7266,148000.0
7267,393777.77777777775
7268,341500.0
7269,312000.0
7270,287000.0
7271,201038.46153846153
7272,208250.0
7273,512500.0
7274,379000.0
7275,511000.0
7276,556000.0
7277,397500.0
7278,285000.0
7279,200500.0
7280,302115.3846153846
7281,310000.0
7282,417500.0
7283,709000.0
7284,141500.0
7285,387343.75
7286,179976.19047619047
7287,160500.0
7288,565000.0
7289,714951.6129032258
7290,143500.0
7291,619000.0
7292,178000.0
7293,391500.0
7294,228500.0
7295,293500.0
7296,201500.0
7297,202000.0
7298,138500.0
7299,135666.66666666666
7300,714000.0
7301,647000.0
7302,100500.0
7303,302500.0
7304,576500.0
7305,678250.0
7306,579500.0
7307,132500.0
7308,189500.0
7309,156000.0
7310,356700.0
7311,247000.0
7312,265000.0
7313,157500.0
7314,315000.0
7315,235000.0
7316,378000.0
7317,135083.33333333334
7318,391000.0
7319,254924.24242424243
7320,609000.0
7321,290038.46153846156
7322,437000.0
7323,200500.0
7324,228500.0
7325,452000.0
7326,138625.0
7327,439500.0
7328,249380.0
7329,393000.0
7330,283500.0
7331,168500.0
7332,536000.0
7333,460500.0
7334,298000.0
7335,142000.0
7336,760000.0
7337,114500.0
7338,562500.0
7339,759000.0
7340,330978.26086956525
7341,437833.3333333333
7342,699500.0
7343,105800.0
7344,311000.0
7345,251500.0
7346,145500.0
7347,479000.0
7348,300000.0
7349,276500.0
7350,275500.0
7351,441500.0
7352,363500.0
7353,575000.0
7354,371000.0
7355,635142.8571428572
7356,122000.0
7357,347000.0
7358,211200.0
7359,287000.0
7360,92000.0
7361,204111.11111111112
7362,95000.0
7363,89500.0
7364,381500.0
7365,296571.4285714286
7366,730500.0
7367,287500.0
7368,161772.72727272726
7369,578500.0
7370,295125.0
7371,1101500.0
7372,107500.0
7373,258500.0
7374,315500.0
7375,189000.0
7376,391500.0
7377,373500.0
7378,305500.0
7379,141357.14285714287
7380,314166.6666666667
7381,548000.0
7382,342500.0
7383,582500.0
7384,354000.0
7385,278000.0
7386,288833.3333333333
7387,280000.0
7388,211000.0
7389,224000.0
7390,203500.0
7391,224500.0
7392,753500.0
7393,251500.0
7394,252500.0
7395,364500.0
7396,184666.66666666666
7397,123000.0
7398,169500.0
7399,723500.0
7400,525500.0
7401,251833.33333333334
7402,173500.0
7403,701647.0588235294
7404,582500.0
7405,694000.0
7406,217000.0
7407,642500.0
7408,185333.33333333334
7409,209250.0
7410,513000.0
7411,94500.0
7412,95000.0
7413,385500.0
7414,105000.0
7415,458000.0
7416,823000.0
7417,108916.66666666667
7418,292357.14285714284
7419,522250.0
7420,172000.0
7421,98000.0
7422,662000.0
7423,347000.0
7424,210500.0
7425,286000.0
7426,238857.14285714287
7427,190250.0
7428,193000.0
7429,484500.0
7430,1167000.0
7431,542000.0
7432,245333.33333333334
7433,158666.66666666666
7434,269333.3333333333
7435,279500.0
7436,313000.0
7437,386000.0
7438,190000.0
7439,1095500.0
7440,490500.0
7441,510500.0
7442,511000.0
7443,124500.0
7444,186500.0
7445,250750.0
7446,270357.14285714284
7447,251500.0
7448,360000.0
7449,961500.0
7450,116125.0
7451,217538.46153846153
7452,657500.0
7453,391500.0
7454,232500.0
7455,639500.0
7456,192928.57142857142
7457,503500.0
7458,332000.0
7459,404166.6666666667
7460,402000.0
7461,341000.0
7462,296000.0
7463,166500.0
7464,335961.53846153844
7465,281500.0
7466,226000.0
7467,192000.0
7468,370000.0
7469,118500.0
7470,144750.0
7471,132500.0
7472,301000.0
7473,419000.0
7474,484000.0
7475,779500.0
7476,419500.0
7477,453250.0
7478,210062.5
7479,231166.66666666666
7480,154357.14285714287
7481,170500.0
7482,399500.0
7483,291000.0
7484,173500.0
7485,523000.0
7486,479500.0
7487,305500.0
7488,399000.0
7489,198500.0
7490,149500.0
7491,315500.0
7492,329000.0
7493,407500.0
7494,248500.0
7495,511300.0
7496,210147.0588235294
7497,348000.0
7498,522500.0
7499,135000.0
7500,108800.0
7501,168500.0
7502,421000.0
7503,809000.0
7504,215000.0
7505,1303000.0
7506,436000.0
7507,435500.0
7508,164800.0
7509,257000.0
7510,141250.0
7511,189500.0
7512,1120000.0
7513,414500.0
7514,188500.0
7515,424000.0
7516,259954.54545454544
7517,339300.0
7518,191500.0
7519,263300.0
7520,567500.0
7521,526923.0769230769
7522,734535.7142857143
7523,246500.0
7524,173400.0
7525,202000.0
7526,458000.0
7527,218500.0
7528,166000.0
7529,211937.5
7530,289100.0
7531,357500.0
7532,439000.0
7533,312000.0
7534,463000.0
7535,334000.0
7536,417250.0
7537,510000.0
7538,289000.0
7539,243000.0
7540,230857.14285714287
7541,167500.0
7542,880500.0
7543,199115.38461538462
7544,285833.3333333333
7545,423833.3333333333
7546,592550.0
7547,178700.0
7548,499000.0
7549,338500.0
7550,595500.0
7551,170000.0
7552,157500.0
7553,302500.0
7554,487321.4285714286
7555,230500.0
7556,251000.0
7557,714000.0
7558,300375.0
7559,258500.0
7560,575125.0
7561,113000.0
7562,238000.0
7563,391500.0
7564,310423.07692307694
7565,734000.0
7566,490500.0
7567,180000.0
7568,220000.0
7569,192833.33333333334
7570,91000.0
7571,180833.33333333334
7572,259363.63636363635
7573,108500.0
7574,483283.3333333333
7575,757500.0
7576,212000.0
7577,386000.0
7578,166000.0
7579,1130000.0
7580,481000.0
7581,353500.0
7582,519500.0
7583,107600.0
7584,743500.0
7585,460000.0
7586,955500.0
7587,209500.0
7588,242000.0
7589,239000.0
7590,433000.0
7591,277000.0
7592,169781.25
7593,162500.0
7594,230000.0
7595,397500.0
7596,487500.0
7597,762000.0
7598,611000.0
7599,313000.0
7600,969000.0
7601,685000.0
7602,324400.0
7603,337500.0
7604,670000.0
7605,327000.0
7606,183000.0
7607,548875.0
7608,209500.0
7609,350166.6666666667
7610,170000.0
7611,425833.3333333333
7612,203961.53846153847
7613,632000.0
7614,610500.0
7615,493500.0
7616,119000.0
7617,199500.0
7618,326500.0
7619,311555.55555555556
7620,117500.0
7621,414423.07692307694
7622,669000.0
7623,276000.0
7624,546714.2857142857
7625,481000.0
7626,138333.33333333334
7627,239000.0
7628,508500.0
7629,375000.0
7630,236500.0
7631,279650.0
7632,120500.0
7633,303133.3333333333
7634,407823.5294117647
7635,934500.0
7636,219500.0
7637,522500.0
7638,1058000.0
7639,944500.0
7640,224000.0
7641,276000.0
7642,960500.0
7643,347000.0
7644,104000.0
7645,249437.5
7646,367750.0
7647,217000.0
7648,651500.0
7649,202000.0
7650,185333.33333333334
7651,554461.5384615385
7652,173000.0
7653,201666.66666666666
7654,266625.0
7655,450285.71428571426
7656,300187.5
7657,358500.0
7658,241500.0
7659,200500.0
7660,464000.0
7661,453285.71428571426
7662,142562.5
7663,497750.0
7664,970500.0
7665,595500.0
7666,279500.0
7667,291000.0
7668,183750.0
7669,492000.0
7670,408000.0
7671,430000.0
7672,586500.0
7673,535500.0
7674,201500.0
7675,216000.0
7676,171500.0
7677,171500.0
7678,135000.0
7679,278333.3333333333
7680,383700.0
7681,331500.0
7682,135000.0
7683,258392.85714285713
7684,1133500.0
7685,170500.0
7686,504000.0
7687,263230.76923076925
7688,580000.0
7689,376000.0
7690,568000.0
7691,180000.0
7692,109500.0
7693,176272.72727272726
7694,374000.0
7695,1002500.0
7696,341045.45454545453
7697,494333.3333333333
7698,446000.0
7699,145000.0
7700,542000.0
7701,473250.0
7702,491000.0
7703,307000.0
7704,584500.0
7705,230000.0
7706,240982.75862068965
7707,408000.0
7708,267000.0
7709,347704.54545454547
7710,357500.0
7711,596500.0
7712,496000.0
7713,717000.0
7714,354500.0
7715,131000.0
7716,82000.0
7717,477125.0
7718,420000.0
7719,370500.0
7720,506500.0
7721,312928.5714285714
7722,677500.0
7723,518000.0
7724,386500.0
7725,183500.0
7726,548000.0
7727,202029.41176470587
7728,167500.0
7729,628989.3617021276
7730,292000.0
7731,834000.0
7732,345500.0
7733,147000.0
7734,138500.0
7735,1153500.0
7736,487500.0
7737,503500.0
7738,207000.0
7739,275500.0
7740,175437.5
7741,226000.0
7742,484000.0
7743,620500.0
7744,205550.0
7745,233857.14285714287
7746,197500.0
7747,619000.0
7748,540500.0
7749,175750.0
7750,487333.3333333333
7751,149583.33333333334
7752,257833.33333333334
7753,160650.0
7754,291166.6666666667
7755,311666.6666666667
7756,300500.0
7757,194500.0
7758,197000.0
7759,487000.0
7760,444000.0
7761,106500.0
7762,486000.0
7763,500500.0
7764,171500.0
7765,245000.0
7766,302111.1111111111
7767,427500.0
7768,126650.0
7769,198000.0
7770,322000.0
7771,183863.63636363635
7772,685000.0
7773,269000.0
7774,1234500.0
7775,677000.0
7776,320125.0
7777,214500.0
7778,549500.0
7779,180500.0
7780,411000.0
7781,387000.0
7782,148500.0
7783,294000.0
7784,299000.0
7785,1065500.0
7786,655000.0
7787,545000.0
7788,380000.0
7789,1042500.0
7790,561409.0909090909
7791,728500.0
7792,295500.0
7793,496500.0
7794,227000.0
7795,408000.0
7796,617500.0
7797,181750.0
7798,856500.0
7799,214500.0
7800,169000.0
7801,227000.0
7802,111000.0
7803,210250.0
7804,372500.0
7805,611500.0
7806,203027.77777777778
7807,297000.0
7808,188500.0
7809,98500.0
7810,549000.0
7811,304500.0
7812,897000.0
7813,271250.0
7814,613000.0
7815,119000.0
7816,196500.0
7817,175000.0
7818,523000.0
7819,499500.0
7820,369000.0
7821,328000.0
7822,236833.33333333334
7823,96000.0
7824,225000.0
7825,246333.33333333334
7826,448500.0
7827,206125.0
7828,357000.0
7829,253314.8148148148
7830,125450.0
7831,897000.0
7832,558000.0
7833,141615.38461538462
7834,196464.2857142857
7835,178357.14285714287
7836,362794.1176470588
7837,183000.0
7838,549500.0
7839,525500.0
7840,310500.0
7841,184500.0
7842,118500.0
7843,138500.0
7844,180500.0
7845,130500.0
7846,203000.0
7847,564500.0
7848,393000.0
7849,312520.0
7850,231500.0
7851,539000.0
7852,298500.0
7853,148750.0
7854,469500.0
7855,704500.0
7856,624750.0
7857,137500.0
7858,728500.0
7859,418000.0
7860,437000.0
7861,419000.0
7862,511000.0
7863,133000.0
7864,124000.0
7865,863000.0
7866,133000.0
7867,218545.45454545456
7868,358500.0
7869,399500.0
7870,338611.1111111111
7871,140785.7142857143
7872,162000.0
7873,120500.0
7874,549000.0
7875,249000.0
7876,394333.3333333333
7877,370000.0
7878,128500.0
7879,725000.0
7880,496000.0
7881,233500.0
7882,141250.0
7883,483500.0
7884,169000.0
7885,249000.0
7886,168500.0
7887,382000.0
7888,425000.0
7889,471000.0
7890,203687.5
7891,238812.5
7892,487333.3333333333
7893,404416.6666666667
7894,720000.0
7895,437500.0
7896,348000.0
7897,142500.0
7898,262481.48148148146
7899,580500.0
7900,437500.0
7901,572500.0
7902,451000.0
7903,759000.0
7904,420000.0
7905,359500.0
7906,233500.0
7907,229800.0
7908,399250.0
7909,728000.0
7910,515000.0
7911,160500.0
7912,293500.0
7913,944500.0
7914,724157.8947368421
7915,312500.0
7916,313000.0
7917,130500.0
7918,166500.0
7919,253500.0
7920,670000.0
7921,222708.33333333334
7922,162500.0
7923,171000.0
7924,355500.0
7925,195000.0
7926,428500.0
7927,273312.5
7928,516750.0
7929,523250.0
7930,431000.0
7931,204714.2857142857
7932,422000.0
7933,152500.0
7934,283500.0
7935,152000.0
7936,489125.0
7937,169500.0
7938,165416.66666666666
7939,926000.0
7940,517785.71428571426
7941,667000.0
7942,203000.0
7943,214000.0
7944,570000.0
7945,455000.0
7946,329500.0
7947,333000.0
7948,88000.0
7949,210500.0
7950,398000.0
7951,257000.0
7952,360833.3333333333
7953,980500.0
7954,516823.5294117647
7955,631500.0
7956,149000.0
7957,265000.0
7958,341500.0
7959,290500.0
7960,701000.0
7961,516500.0
7962,546000.0
7963,201000.0
7964,91500.0
7965,600000.0
7966,278500.0
7967,529500.0
7968,138000.0
7969,127000.0
7970,580500.0
7971,527000.0
7972,401000.0
7973,175300.0
7974,549500.0
7975,122000.0
7976,463000.0
7977,239000.0
7978,356000.0
7979,228000.0
7980,207500.0
7981,440357.14285714284
7982,496450.0
7983,222166.66666666666
7984,180500.0
7985,447500.0
7986,230125.0
7987,233727.27272727274
7988,213500.0
7989,225000.0
7990,137916.66666666666
7991,194000.0
7992,328000.0
7993,420000.0
7994,518000.0
7995,230109.75609756098
7996,263500.0
7997,306333.3333333333
7998,269500.0
7999,416000.0
8000,180500.0
8001,194500.0
8002,366500.0
8003,160000.0
8004,1254500.0
8005,126500.0
8006,327000.0
8007,303000.0
8008,218500.0
8009,288555.55555555556
8010,422882.35294117645
8011,594500.0
8012,166000.0
8013,249500.0
8014,959500.0
8015,690818.1818181818
8016,684000.0
8017,427875.0
8018,368200.0
8019,205000.0
8020,378500.0
8021,204000.0
8022,111500.0
8023,134000.0
8024,158500.0
8025,240000.0
8026,313500.0
8027,259000.0
8028,148000.0
8029,288666.6666666667
8030,188166.66666666666
8031,657500.0
8032,317000.0
8033,179500.0
8034,350000.0
8035,142500.0
8036,229000.0
8037,191000.0
8038,177500.0
8039,221500.0
8040,174500.0
8041,117000.0
8042,494000.0
8043,129214.28571428571
8044,153500.0
8045,243583.33333333334
8046,259000.0
8047,137388.88888888888
8048,333000.0
8049,491500.0
8050,265000.0
8051,361500.0
8052,246000.0
8053,389000.0
8054,483000.0
8055,121500.0
8056,162357.14285714287
8057,168500.0
8058,198428.57142857142
8059,414000.0
8060,785500.0
8061,274000.0
8062,491000.0
8063,203000.0
8064,1177000.0
8065,607000.0
8066,162000.0
8067,571000.0
8068,208000.0
8069,539000.0
8070,479500.0
8071,388437.5
8072,132000.0
8073,602000.0
8074,310985.29411764705
8075,230000.0
8076,159000.0
8077,131500.0
8078,244500.0
8079,496500.0
8080,187500.0
8081,1167000.0
8082,506333.3333333333
8083,327000.0
8084,98500.0
8085,265000.0
8086,442166.6666666667
8087,260000.0
8088,213500.0
8089,156850.0
8090,611000.0
8091,359000.0
8092,515500.0
8093,420000.0
8094,126250.0
8095,597000.0
8096,425500.0
8097,382500.0
8098,239875.0
8099,682000.0
8100,317000.0
8101,196000.0
8102,189875.0
8103,217000.0
8104,541000.0
8105,453000.0
8106,446000.0
8107,472000.0
8108,208000.0
8109,273833.3333333333
8110,228500.0
8111,447500.0
8112,266500.0
8113,839000.0
8114,423357.14285714284
8115,279500.0
8116,523000.0
8117,118500.0
8118,500500.0
8119,215000.0
8120,237500.0
8121,724000.0
8122,504000.0
8123,665000.0
8124,337000.0
8125,202000.0
8126,333500.0
8127,551500.0
8128,681500.0
8129,408000.0
8130,174222.22222222222
8131,496380.95238095237
8132,326000.0
8133,658937.5
8134,813500.0
8135,462000.0
8136,160428.57142857142
8137,580000.0
8138,211000.0
8139,542000.0
8140,425500.0
8141,295500.0
8142,409866.6666666667
8143,667000.0
8144,304900.0
8145,143500.0
8146,704500.0
8147,321000.0
8148,379000.0
8149,192500.0
8150,388500.0
8151,534500.0
8152,149000.0
8153,171500.0
8154,898500.0
8155,307500.0
8156,220583.33333333334
8157,1068500.0
8158,274000.0
8159,171125.0
8160,248500.0
8161,223062.5
8162,311000.0
8163,180500.0
8164,660166.6666666666
8165,182812.5
8166,328000.0
8167,86500.0
8168,405000.0
8169,617000.0
8170,104863.63636363637
8171,294833.3333333333
8172,280000.0
8173,196000.0
8174,197500.0
8175,149000.0
8176,263000.0
8177,421000.0
8178,397875.0
8179,393777.77777777775
8180,147666.66666666666
8181,394000.0
8182,200500.0
8183,358083.3333333333
8184,151500.0
8185,394055.55555555556
8186,311500.0
8187,528960.0
8188,361000.0
8189,880500.0
8190,240333.33333333334
8191,205500.0
8192,581500.0
8193,137666.66666666666
8194,116375.0
8195,95000.0
8196,239500.0
8197,332000.0
8198,303500.0
8199,265000.0
8200,167450.0
8201,215000.0
8202,491000.0
8203,936500.0
8204,226000.0
8205,312500.0
8206,410333.3333333333
8207,268000.0
8208,396000.0
8209,531500.0
8210,1168500.0
8211,408000.0
8212,231000.0
8213,348000.0
8214,643500.0
8215,279500.0
8216,568000.0
8217,345500.0
8218,530304.3478260869
8219,386500.0
8220,728500.0
8221,728000.0
8222,235000.0
8223,477500.0
8224,275500.0
8225,550500.0
8226,897500.0
8227,309000.0
8228,621529.4117647059
8229,217000.0
8230,234500.0
8231,386700.0
8232,141333.33333333334
8233,603500.0
8234,360000.0
8235,114000.0
8236,248500.0
8237,163000.0
8238,264000.0
8239,450000.0
8240,174000.0
8241,261500.0
8242,391553.5714285714
8243,99750.0
8244,406000.0
8245,156500.0
8246,290000.0
8247,505000.0
8248,380500.0
8249,257500.0
8250,180000.0
8251,310000.0
8252,208000.0
8253,272500.0
8254,601041.6666666666
8255,519500.0
8256,479500.0
8257,579500.0
8258,496800.0
8259,320000.0
8260,613500.0
8261,183166.66666666666
8262,258000.0
8263,253000.0
8264,321000.0
8265,237000.0
8266,151500.0
8267,681000.0
8268,362500.0
8269,568000.0
8270,609000.0
8271,291000.0
8272,184375.0
8273,346500.0
8274,213400.0
8275,550000.0
8276,604500.0
8277,577500.0
8278,934500.0
8279,274000.0
8280,478500.0
8281,337500.0
8282,538000.0
8283,513181.8181818182
8284,247078.94736842104
8285,724000.0
8286,395500.0
8287,138500.0
8288,182000.0
8289,266500.0
8290,158500.0
8291,330000.0
8292,347500.0
8293,684000.0
8294,132388.88888888888
8295,734000.0
8296,723500.0
8297,155500.0
8298,221000.0
8299,502000.0
8300,219600.0
8301,782000.0
8302,229500.0
8303,306000.0
8304,694500.0
8305,221500.0
8306,153500.0
8307,397000.0
8308,352000.0
8309,294900.0
8310,221750.0
8311,124500.0
8312,573000.0
8313,670000.0
8314,230500.0
8315,796500.0
8316,251500.0
8317,474000.0
8318,134500.0
8319,252000.0
8320,210500.0
8321,579500.0
8322,184781.25
8323,319363.63636363635
8324,282500.0
8325,171500.0
8326,213000.0
8327,530000.0
8328,333000.0
8329,276000.0
8330,290500.0
8331,706166.6666666666
8332,381571.4285714286
8333,436500.0
8334,530488.0952380953
8335,124500.0
8336,237000.0
8337,286500.0
8338,183062.5
8339,181000.0
8340,165500.0
8341,433541.6666666667
8342,311000.0
8343,401500.0
8344,449000.0
8345,259694.44444444444
8346,366000.0
8347,175250.0
8348,190500.0
8349,248125.0
8350,206125.0
8351,269000.0
8352,219000.0
8353,230000.0
8354,799500.0
8355,380500.0
8356,309076.92307692306
8357,317500.0
8358,265958.3333333333
8359,212500.0
8360,129444.44444444444
8361,204000.0
8362,325567.5675675676
8363,257000.0
8364,565000.0
8365,170000.0
8366,425500.0
8367,403500.0
8368,263500.0
8369,305000.0
8370,197500.0
8371,586000.0
8372,279500.0
8373,181000.0
8374,213291.66666666666
8375,523000.0
8376,124000.0
8377,341500.0
8378,413013.5135135135
8379,252500.0
8380,203000.0
8381,132208.33333333334
8382,540500.0
8383,576447.3684210526
8384,188500.0
8385,875500.0
8386,208250.0
8387,842500.0
8388,598500.0
8389,209964.2857142857
8390,117300.0
8391,212580.0
8392,574000.0
8393,511000.0
8394,330500.0
8395,473500.0
8396,192357.14285714287
8397,550500.0
8398,281000.0
8399,98333.33333333333
8400,880500.0
8401,463500.0
8402,392500.0
8403,147600.0
8404,143000.0
8405,446333.3333333333
8406,152000.0
8407,142000.0
8408,207000.0
8409,574923.0769230769
8410,513000.0
8411,119000.0
8412,310000.0
8413,156850.0
8414,256750.0
8415,347868.4210526316
8416,250500.0
8417,162500.0
8418,436000.0
8419,926000.0
8420,141000.0
8421,520200.0
8422,563500.0
8423,176000.0
8424,1191000.0
8425,100500.0
8426,354500.0
8427,408000.0
8428,463000.0
8429,302500.0
8430,150500.0
8431,301000.0
8432,823000.0
8433,533326.0869565217
8434,269153.8461538461
8435,341000.0
8436,301500.0
8437,182500.0
8438,159500.0
8439,320700.0
8440,216500.0
8441,544500.0
8442,258500.0
8443,482750.0
8444,363500.0
8445,569000.0
8446,131000.0
8447,657000.0
8448,393000.0
8449,460000.0
8450,189000.0
8451,701000.0
8452,428500.0
8453,364500.0
8454,542000.0
8455,536500.0
8456,89000.0
8457,720500.0
8458,347000.0
8459,369500.0
8460,880500.0
8461,346500.0
8462,310500.0
8463,733035.7142857143
8464,249500.0
8465,282500.0
8466,212000.0
8467,243000.0
8468,428500.0
8469,183400.0
8470,269000.0
8471,302500.0
8472,515000.0
8473,97500.0
8474,259000.0
8475,380000.0
8476,612214.2857142857
8477,219000.0
8478,188500.0
8479,414500.0
8480,380571.4285714286
8481,838000.0
8482,294500.0
8483,174000.0
8484,461000.0
8485,230782.60869565216
8486,568000.0
8487,375500.0
8488,573500.0
8489,150000.0
8490,119000.0
8491,309392.85714285716
8492,252500.0
8493,743500.0
8494,169857.14285714287
8495,131000.0
8496,132500.0
8497,612937.5
8498,294000.0
8499,168000.0
8500,396000.0
8501,280500.0
8502,200600.0
8503,401500.0
8504,249000.0
8505,173214.2857142857
8506,519500.0
8507,548000.0
8508,168500.0
8509,285520.8333333333
8510,541000.0
8511,378500.0
8512,537000.0
8513,248500.0
8514,216000.0
8515,152916.66666666666
8516,213000.0
8517,269166.6666666667
8518,186166.66666666666
8519,281000.0
8520,477500.0
8521,448000.0
8522,201000.0
8523,217000.0
8524,441000.0
8525,117500.0
8526,415500.0
8527,259000.0
8528,108500.0
8529,246500.0
8530,164500.0
8531,332500.0
8532,405000.0
8533,259500.0
8534,190681.81818181818
8535,427500.0
8536,442000.0
8537,307000.0
8538,318500.0
8539,387500.0
8540,237000.0
8541,131500.0
8542,699000.0
8543,238500.0
8544,907500.0
8545,233500.0
8546,292291.6666666667
8547,197750.0
8548,230500.0
8549,508714.28571428574
8550,644000.0
8551,320833.3333333333
8552,757500.0
8553,471500.0
8554,280780.48780487804
8555,472250.0
8556,230857.14285714287
8557,206500.0
8558,858500.0
8559,417500.0
8560,726000.0
8561,293333.3333333333
8562,459500.0
8563,417500.0
8564,335000.0
8565,278000.0
8566,233000.0
8567,158305.55555555556
8568,573000.0
8569,392500.0
8570,143000.0
8571,753000.0
8572,730500.0
8573,185000.0
8574,211000.0
8575,199583.33333333334
8576,902500.0
8577,130000.0
8578,664500.0
8579,289500.0
8580,226000.0
8581,131000.0
8582,229076.92307692306
8583,358500.0
8584,124000.0
8585,213000.0
8586,525500.0
8587,748000.0
8588,166500.0
8589,470500.0
8590,451500.0
8591,191500.0
8592,109200.0
8593,117500.0
8594,900500.0
8595,438125.0
8596,491000.0
8597,303000.0
8598,654500.0
8599,454000.0
8600,360000.0
8601,220000.0
8602,193125.0
8603,705500.0
8604,327625.0
8605,412750.0
8606,117117.64705882352
8607,446000.0
8608,311000.0
8609,125000.0
8610,373500.0
8611,486214.28571428574
8612,631900.0
8613,163500.0
8614,152500.0
8615,339722.22222222225
8616,470500.0
8617,379500.0
8618,199500.0
8619,390500.0
8620,165900.0
8621,621000.0
8622,156333.33333333334
8623,183500.0
8624,611000.0
8625,421000.0
8626,573000.0
8627,594500.0
8628,280500.0
8629,227000.0
8630,234361.11111111112
8631,193500.0
8632,140500.0
8633,227000.0
8634,484500.0
8635,185212.5
8636,493883.3333333333
8637,150000.0
8638,183500.0
8639,207500.0
8640,539500.0
8641,251800.0
8642,363500.0
8643,233500.0
8644,312636.36363636365
8645,269500.0
8646,574000.0
8647,354500.0
8648,329500.0
8649,235000.0
8650,110000.0
8651,95500.0
8652,135500.0
8653,319000.0
8654,211000.0
8655,442000.0
8656,397312.5
8657,453500.0
8658,245166.66666666666
8659,695000.0
8660,591000.0
8661,289000.0
8662,420000.0
8663,442000.0
8664,184000.0
8665,332500.0
8666,506500.0
8667,180500.0
8668,652000.0
8669,540500.0
8670,355000.0
8671,268000.0
8672,432500.0
8673,728000.0
8674,583500.0
8675,199000.0
8676,379000.0
8677,217000.0
8678,261875.0
8679,253000.0
8680,890000.0
8681,430000.0
8682,148000.0
8683,359500.0
8684,664500.0
8685,174000.0
8686,237000.0
8687,151900.0
8688,141000.0
8689,143000.0
8690,298500.0
8691,359000.0
8692,306500.0
8693,256000.0
8694,416000.0
8695,342470.5882352941
8696,336000.0
8697,132000.0
8698,213000.0
8699,548000.0
8700,187000.0
8701,88500.0
8702,289791.6666666667
8703,167625.0
8704,473108.6956521739
8705,263500.0
8706,823500.0
8707,357500.0
8708,583000.0
8709,944500.0
8710,236500.0
8711,227500.0
8712,148000.0
8713,219500.0
8714,497000.0
8715,224791.66666666666
8716,284000.0
8717,318166.6666666667
8718,253928.57142857142
8719,347500.0
8720,241000.0
8721,235750.0
8722,413115.3846153846
8723,297000.0
8724,716500.0
8725,383400.0
8726,265000.0
8727,101000.0
8728,380000.0
8729,133625.0
8730,447000.0
8731,204250.0
8732,186250.0
8733,112000.0
8734,328000.0
8735,607500.0
8736,172625.0
8737,349500.0
8738,210333.33333333334
8739,309500.0
8740,473000.0
8741,388400.0
8742,178000.0
8743,137000.0
8744,252538.46153846153
8745,91000.0
8746,149500.0
8747,521500.0
8748,574000.0
8749,168500.0
8750,243928.57142857142
8751,186000.0
8752,330692.3076923077
8753,480500.0
8754,152500.0
8755,380500.0
8756,429000.0
8757,934500.0
8758,321100.0
8759,359000.0
8760,376000.0
8761,571500.0
8762,337000.0
8763,310428.5714285714
8764,202400.0
8765,128050.0
8766,609500.0
8767,333000.0
8768,308500.0
8769,180500.0
8770,372500.0
8771,724411.7647058824
8772,334000.0
8773,367000.0
8774,226000.0
8775,170500.0
8776,268000.0
8777,166000.0
8778,697500.0
8779,481000.0
8780,315500.0
8781,619000.0
8782,225000.0
8783,188000.0
8784,309500.0
8785,148500.0
8786,568500.0
8787,178000.0
8788,199500.0
8789,571500.0
8790,260500.0
8791,364833.3333333333
8792,815500.0
8793,156000.0
8794,197916.66666666666
8795,394500.0
8796,296500.0
8797,140444.44444444444
8798,510673.07692307694
8799,1462500.0
8800,244444.44444444444
8801,150166.66666666666
8802,358000.0
8803,255000.0
8804,361500.0
8805,241875.0
8806,594500.0
8807,854000.0
8808,356000.0
8809,175928.57142857142
8810,385000.0
8811,236388.88888888888
8812,312375.0
8813,341500.0
8814,438700.0
8815,551000.0
8816,297000.0
8817,782500.0
8818,355500.0
8819,708000.0
8820,161000.0
8821,425000.0
8822,146625.0
8823,333500.0
8824,225000.0
8825,739500.0
8826,339000.0
8827,156500.0
8828,418500.0
8829,191250.0
8830,328500.0
8831,367000.0
8832,696187.5
8833,295500.0
8834,229000.0
8835,575500.0
8836,629000.0
8837,470500.0
8838,622000.0
8839,666500.0
8840,247000.0
8841,550500.0
8842,145500.0
8843,143500.0
8844,225400.0
8845,403250.0
8846,520500.0
8847,170500.0
8848,122272.72727272728
8849,273166.6666666667
8850,227000.0
8851,209500.0
8852,716615.3846153846
8853,302083.3333333333
8854,101500.0
8855,304500.0
8856,520500.0
8857,217500.0
8858,143571.42857142858
8859,233500.0
8860,131000.0
8861,537000.0
8862,439500.0
8863,515000.0
8864,406500.0
8865,94000.0
8866,520500.0
8867,491000.0
8868,515500.0
8869,217000.0
8870,647500.0
8871,151000.0
8872,704000.0
8873,211000.0
8874,176666.66666666666
8875,202000.0
8876,389500.0
8877,606000.0
8878,246500.0
8879,370500.0
8880,279500.0
8881,258000.0
8882,203000.0
8883,171500.0
8884,897500.0
8885,304000.0
8886,193875.0
8887,162000.0
8888,623500.0
8889,479500.0
8890,839500.0
8891,168500.0
8892,268300.0
8893,124500.0
8894,199500.0
8895,359000.0
8896,464625.0
8897,238500.0
8898,231375.0
8899,315400.0
8900,529500.0
8901,321500.0
8902,216500.0
8903,465500.0
8904,323000.0
8905,112000.0
8906,96000.0
8907,537000.0
8908,190750.0
8909,663000.0
8910,239000.0
8911,541766.6666666666
8912,282000.0
8913,361000.0
8914,142000.0
8915,874500.0
8916,274000.0
8917,934500.0
8918,313500.0
8919,172500.0
8920,159500.0
8921,296000.0
8922,281000.0
8923,345500.0
8924,180000.0
8925,176000.0
8926,178729.16666666666
8927,510000.0
8928,358000.0
8929,776500.0
8930,113000.0
8931,640500.0
8932,416000.0
8933,527000.0
8934,165916.66666666666
8935,317414.28571428574
8936,231500.0
8937,147000.0
8938,166125.0
8939,315500.0
8940,290000.0
8941,203250.0
8942,339500.0
8943,152500.0
8944,230000.0
8945,530500.0
8946,121333.33333333333
8947,162000.0
8948,166500.0
8949,195833.33333333334
8950,329000.0
8951,208666.66666666666
8952,365125.0
8953,124500.0
8954,515500.0
8955,499000.0
8956,389000.0
8957,669500.0
8958,927000.0
8959,247000.0
8960,357000.0
8961,222529.41176470587
8962,308500.0
8963,205000.0
8964,323000.0
8965,927500.0
8966,477500.0
8967,373500.0
8968,353000.0
8969,183958.33333333334
8970,762000.0
8971,131000.0
8972,351000.0
8973,208500.0
8974,371000.0
8975,225500.0
8976,909000.0
8977,151500.0
8978,307888.8888888889
8979,153750.0
8980,203500.0
8981,159800.0
8982,249833.33333333334
8983,128500.0
8984,150000.0
8985,480000.0
8986,930500.0
8987,425500.0
8988,200500.0
8989,521500.0
8990,133000.0
8991,459692.3076923077
8992,580500.0
8993,267400.0
8994,659000.0
8995,149000.0
8996,182000.0
8997,298500.0
8998,352000.0
8999,281100.0
9000,129500.0
9001,318500.0
9002,171500.0
9003,839500.0
9004,656000.0
9005,207000.0
9006,200500.0
9007,101500.0
9008,335000.0
9009,170000.0
9010,226000.0
9011,693500.0
9012,263500.0
9013,137500.0
9014,145500.0
9015,171500.0
9016,410500.0
9017,855000.0
9018,297000.0
9019,210000.0
9020,418500.0
9021,464000.0
9022,212500.0
9023,91000.0
9024,714000.0
9025,719000.0
9026,406730.76923076925
9027,109500.0
9028,224000.0
9029,138000.0
9030,795500.0
9031,234875.0
9032,150833.33333333334
9033,303653.8461538461
9034,423000.0
9035,221500.0
9036,276000.0
9037,291000.0
9038,147100.0
9039,163468.75
9040,504500.0
9041,252700.0
9042,163800.0
9043,164178.57142857142
9044,548000.0
9045,361000.0
9046,987500.0
9047,219500.0
9048,288500.0
9049,216208.33333333334
9050,234000.0
9051,511000.0
9052,421500.0
9053,112000.0
9054,357000.0
9055,390000.0
9056,903000.0
9057,423500.0
9058,294597.22222222225
9059,341500.0
9060,135500.0
9061,331000.0
9062,565000.0
9063,277250.0
9064,379000.0
9065,81500.0
9066,238000.0
9067,607500.0
9068,445000.0
9069,356500.0
9070,364800.0
9071,481000.0
9072,655921.052631579
9073,323000.0
9074,236500.0
9075,214000.0
9076,489000.0
9077,299000.0
9078,201000.0
9079,222500.0
9080,221500.0
9081,290730.76923076925
9082,319500.0
9083,407500.0
9084,169125.0
9085,500500.0
9086,390785.71428571426
9087,188000.0
9088,150031.25
9089,484000.0
9090,566333.3333333334
9091,264000.0
9092,332000.0
9093,489000.0
9094,145750.0
9095,117500.0
9096,210083.33333333334
9097,234500.0
9098,327500.0
9099,512500.0
9100,448500.0
9101,569000.0
9102,565000.0
9103,246750.0
9104,140500.0
9105,264500.0
9106,182375.0
9107,242333.33333333334
9108,687000.0
9109,274000.0
9110,522500.0
9111,214500.0
9112,423500.0
9113,580000.0
9114,641000.0
9115,521500.0
9116,312062.5
9117,246642.85714285713
9118,476000.0
9119,397500.0
9120,251250.0
9121,670000.0
9122,214000.0
9123,573000.0
9124,617000.0
9125,222209.3023255814
9126,390000.0
9127,326500.0
9128,574500.0
9129,471000.0
9130,574000.0
9131,108500.0
9132,295500.0
9133,392500.0
9134,280111.1111111111
9135,247250.0
9136,601500.0
9137,585676.4705882353
9138,174000.0
9139,258388.88888888888
9140,158187.5
9141,145000.0
9142,727000.0
9143,429500.0
9144,218500.0
9145,256500.0
9146,482000.0
9147,419500.0
9148,201000.0
9149,403000.0
9150,119000.0
9151,312500.0
9152,425000.0
9153,127625.0
9154,799500.0
9155,310000.0
9156,101000.0
9157,333000.0
9158,428500.0
9159,268000.0
9160,274000.0
9161,232500.0
9162,264500.0
9163,134000.0
9164,193500.0
9165,343500.0
9166,237121.21212121213
9167,293500.0
9168,702500.0
9169,395500.0
9170,669000.0
9171,470777.77777777775
9172,306500.0
9173,314000.0
9174,508500.0
9175,146400.0
9176,253500.0
9177,227000.0
9178,258500.0
9179,228000.0
9180,590500.0
9181,407000.0
9182,248500.0
9183,711500.0
9184,235000.0
9185,252500.0
9186,160200.0
9187,328000.0
9188,255000.0
9189,210136.36363636365
9190,444500.0
9191,124000.0
9192,1038000.0
9193,152000.0
9194,346500.0
9195,165166.66666666666
9196,249295.45454545456
9197,518000.0
9198,445645.8333333333
9199,226000.0
9200,190600.0
9201,307000.0
9202,189500.0
9203,350000.0
9204,153000.0
9205,345000.0
9206,254500.0
9207,172386.36363636365
9208,159875.0
9209,479500.0
9210,274000.0
9211,341500.0
9212,496000.0
9213,330000.0
9214,544500.0
9215,523500.0
9216,162000.0
9217,449500.0
9218,428555.55555555556
9219,417500.0
9220,357000.0
9221,266500.0
9222,448500.0
9223,148000.0
9224,324000.0
9225,238000.0
9226,253500.0
9227,520500.0
9228,343227.2727272727
9229,487625.0
9230,720777.7777777778
9231,842500.0
9232,333000.0
9233,331812.5
9234,259500.0
9235,688000.0
9236,386000.0
9237,212500.0
9238,234291.66666666666
9239,425500.0
9240,449500.0
9241,475400.0
9242,473000.0
9243,398750.0
9244,361000.0
9245,89000.0
9246,572500.0
9247,145500.0
9248,170500.0
9249,164000.0
9250,463000.0
9251,993000.0
9252,692000.0
9253,610812.5
9254,248000.0
9255,340285.71428571426
9256,281000.0
9257,110000.0
9258,325500.0
9259,127625.0
9260,195000.0
9261,214692.3076923077
9262,499000.0
9263,138500.0
9264,930500.0
9265,163500.0
9266,445000.0
9267,672000.0
9268,753000.0
9269,418000.0
9270,376000.0
9271,494000.0
9272,684777.7777777778
9273,236000.0
9274,334500.0
9275,467500.0
9276,259500.0
9277,167600.0
9278,217000.0
9279,171500.0
9280,240500.0
9281,205400.0
9282,420500.0
9283,354142.85714285716
9284,618571.4285714285
9285,357500.0
9286,351666.6666666667
9287,317115.3846153846
9288,819500.0
9289,656000.0
9290,690000.0
9291,934500.0
9292,664000.0
9293,277500.0
9294,209250.0
9295,660000.0
9296,96000.0
9297,521833.3333333333
9298,484500.0
9299,635500.0
9300,445000.0
9301,79000.0
9302,292500.0
9303,213250.0
9304,256500.0
9305,499500.0
9306,275000.0
9307,1177000.0
9308,391500.0
9309,416500.0
9310,428000.0
9311,496785.71428571426
9312,458500.0
9313,416000.0
9314,537392.8571428572
9315,406500.0
9316,311750.0
9317,110000.0
9318,408500.0
9319,176571.42857142858
9320,181214.2857142857
9321,258200.0
9322,651500.0
9323,559785.7142857143
9324,601500.0
9325,161000.0
9326,166571.42857142858
9327,436500.0
9328,370000.0
9329,225000.0
9330,525500.0
9331,334000.0
9332,116250.0
9333,581500.0
9334,195750.0
9335,137500.0
9336,251500.0
9337,350000.0
9338,418125.0
9339,182650.0
9340,563500.0
9341,216107.14285714287
9342,389500.0
9343,139600.0
9344,277000.0
9345,238000.0
9346,285000.0
9347,152500.0
9348,871000.0
9349,304000.0
9350,251500.0
9351,101000.0
9352,439500.0
9353,780500.0
9354,333928.5714285714
9355,152916.66666666666
9356,161000.0
9357,461500.0
9358,204500.0
9359,307000.0
9360,602500.0
9361,175611.11111111112
9362,972000.0
9363,113000.0
9364,308703.7037037037
9365,355000.0
9366,385000.0
9367,670000.0
9368,314000.0
9369,558000.0
9370,937000.0
9371,422000.0
9372,588500.0
9373,91000.0
9374,900500.0
9375,111833.33333333333
9376,191500.0
9377,450000.0
9378,635500.0
9379,694000.0
9380,481500.0
9381,246892.85714285713
9382,149000.0
9383,356700.0
9384,302800.0
9385,268000.0
9386,273500.0
9387,299500.0
9388,331269.23076923075
9389,196500.0
9390,310500.0
9391,234500.0
9392,412375.0
9393,109500.0
9394,161500.0
9395,909500.0
9396,249681.81818181818
9397,384000.0
9398,725500.0
9399,164250.0
9400,359000.0
9401,855000.0
9402,307000.0
9403,346500.0
9404,278397.0588235294
9405,213000.0
9406,263818.1818181818
9407,221500.0
9408,343000.0
9409,609500.0
9410,249000.0
9411,213500.0
9412,516500.0
9413,256500.0
9414,132125.0
9415,345500.0
9416,168500.0
9417,722000.0
9418,631000.0
9419,214909.0909090909
9420,186000.0
9421,358500.0
9422,138500.0
9423,146000.0
9424,118500.0
9425,509500.0
9426,334000.0
9427,287000.0
9428,775000.0
9429,369000.0
9430,187285.7142857143
9431,267500.0
9432,720500.0
9433,902500.0
9434,297000.0
9435,669500.0
9436,330000.0
9437,220000.0
9438,855000.0
9439,531500.0
9440,194500.0
9441,191708.33333333334
9442,217437.5
9443,239100.0
9444,610000.0
9445,441000.0
9446,282000.0
9447,894000.0
9448,183000.0
9449,248600.0
9450,199500.0
9451,1350500.0
9452,95250.0
9453,114500.0
9454,113000.0
9455,251500.0
9456,168500.0
9457,401500.0
9458,602500.0
9459,149500.0
9460,308500.0
9461,672000.0
9462,176777.77777777778
9463,416500.0
9464,490000.0
9465,373500.0
9466,319500.0
9467,416500.0
9468,771000.0
9469,406500.0
9470,460875.0
9471,330733.3333333333
9472,204500.0
9473,209333.33333333334
9474,233000.0
9475,174875.0
9476,358000.0
9477,507333.3333333333
9478,440872.0930232558
9479,267088.23529411765
9480,330900.0
9481,345000.0
9482,314704.54545454547
9483,162500.0
9484,413000.0
9485,145500.0
9486,478000.0
9487,160500.0
9488,462312.5
9489,190000.0
9490,475222.22222222225
9491,200500.0
9492,144000.0
9493,441000.0
9494,217000.0
9495,261500.0
9496,476000.0
9497,456500.0
9498,526500.0
9499,302000.0
9500,646500.0
9501,317000.0
9502,577500.0
9503,292000.0
9504,320000.0
9505,485000.0
9506,301000.0
9507,803500.0
9508,211000.0
9509,223000.0
9510,562863.6363636364
9511,548000.0
9512,119000.0
9513,927000.0
9514,189956.89655172414
9515,186875.0
9516,257250.0
9517,452000.0
9518,144500.0
9519,90000.0
9520,247000.0
9521,271500.0
9522,354500.0
9523,727000.0
9524,205500.0
9525,239500.0
9526,363000.0
9527,248000.0
9528,264000.0
9529,229500.0
9530,431600.0
9531,753000.0
9532,406187.5
9533,545500.0
9534,245000.0
9535,192500.0
9536,198000.0
9537,124500.0
9538,582700.0
9539,143000.0
9540,151062.5
9541,303125.0
9542,292500.0
9543,201500.0
9544,613000.0
9545,422500.0
9546,280937.5
9547,527000.0
9548,151750.0
9549,580500.0
9550,343500.0
9551,762000.0
9552,461000.0
9553,162500.0
9554,356000.0
9555,397500.0
9556,135500.0
9557,236400.0
9558,665000.0
9559,518500.0
9560,634500.0
9561,154125.0
9562,283500.0
9563,332000.0
9564,474000.0
9565,604500.0
9566,283000.0
9567,248000.0
9568,540500.0
9569,261500.0
9570,540500.0
9571,236000.0
9572,579000.0
9573,540000.0
9574,315250.0
9575,526500.0
9576,239000.0
9577,101166.66666666667
9578,251000.0
9579,308000.0
9580,234500.0
9581,428000.0
9582,580500.0
9583,101000.0
9584,455000.0
9585,612500.0
9586,961500.0
9587,173500.0
9588,144000.0
9589,279500.0
9590,126000.0
9591,290155.1724137931
9592,408000.0
9593,171000.0
9594,164000.0
9595,217000.0
9596,244500.0
9597,463000.0
9598,570000.0
9599,264000.0
9600,181500.0
9601,135083.33333333334
9602,111500.0
9603,321000.0
9604,299000.0
9605,709000.0
9606,373500.0
9607,300000.0
9608,291569.76744186046
9609,728500.0
9610,217000.0
9611,574500.0
9612,451000.0
9613,198000.0
9614,205000.0
9615,119500.0
9616,174500.0
9617,182000.0
9618,84666.66666666667
9619,460500.0
9620,617500.0
9621,85500.0
9622,517500.0
9623,457500.0
9624,477500.0
9625,79500.0
9626,198000.0
9627,1177000.0
9628,87000.0
9629,315500.0
9630,521500.0
9631,199882.35294117648
9632,400000.0
9633,379000.0
9634,360785.71428571426
9635,95000.0
9636,590500.0
9637,325192.3076923077
9638,295027.77777777775
9639,392500.0
9640,407950.0
9641,119000.0
9642,472291.6666666667
9643,190000.0
9644,119500.0
9645,204000.0
9646,186000.0
9647,150300.0
9648,651500.0
9649,254000.0
9650,182500.0
9651,277125.0
9652,226000.0
9653,401000.0
9654,257000.0
9655,419000.0
9656,937000.0
9657,313625.0
9658,225000.0
9659,472500.0
9660,181833.33333333334
9661,175911.76470588235
9662,683000.0
9663,321000.0
9664,308750.0
9665,341500.0
9666,266000.0
9667,181000.0
9668,730500.0
9669,111500.0
9670,212000.0
9671,146000.0
9672,520500.0
9673,273500.0
9674,404500.0
9675,222321.42857142858
9676,144500.0
9677,361000.0
9678,468214.28571428574
9679,306500.0
9680,245000.0
9681,535500.0
9682,169000.0
9683,636000.0
9684,152000.0
9685,150500.0
9686,514500.0
9687,189250.0
9688,622000.0
9689,258000.0
9690,124500.0
9691,523500.0
9692,577000.0
9693,102500.0
9694,118500.0
9695,441500.0
9696,593000.0
9697,656000.0
9698,142500.0
9699,543000.0
9700,146500.0
9701,392812.5
9702,270666.6666666667
9703,234083.33333333334
9704,262500.0
9705,318000.0
9706,152000.0
9707,285500.0
9708,318961.53846153844
9709,594500.0
9710,270500.0
9711,193700.0
9712,210416.66666666666
9713,274500.0
9714,311000.0
9715,128500.0
9716,298500.0
9717,215500.0
9718,518000.0
9719,226000.0
9720,352038.46153846156
9721,344000.0
9722,553687.5
9723,505000.0
9724,189500.0
9725,471000.0
9726,416000.0
9727,400000.0
9728,724000.0
9729,538900.0
9730,144900.0
9731,211000.0
9732,226000.0
9733,244800.0
9734,312000.0
9735,230666.66666666666
9736,408500.0
9737,168416.66666666666
9738,226000.0
9739,131500.0
9740,340000.0
9741,880500.0
9742,258500.0
9743,399000.0
9744,129000.0
9745,276763.15789473685
9746,255360.0
9747,281000.0
9748,309000.0
9749,112000.0
9750,178000.0
9751,323500.0
9752,669000.0
9753,617000.0
9754,239071.42857142858
9755,515500.0
9756,151000.0
9757,437000.0
9758,158500.0
9759,113000.0
9760,118000.0
9761,257000.0
9762,521500.0
9763,378500.0
9764,1048500.0
9765,295500.0
9766,147000.0
9767,329500.0
9768,364000.0
9769,170500.0
9770,607500.0
9771,664500.0
9772,298000.0
9773,347500.0
9774,395750.0
9775,471000.0
9776,398916.6666666667
9777,371000.0
9778,227000.0
9779,273500.0
9780,275000.0
9781,305500.0
9782,712500.0
9783,260400.0
9784,600000.0
9785,345500.0
9786,209625.0
9787,533467.3913043478
9788,515833.3333333333
9789,147875.0
9790,446250.0
9791,212400.0
9792,248500.0
9793,523000.0
9794,488500.0
9795,171375.0
9796,491000.0
9797,415500.0
9798,416000.0
9799,264000.0
9800,217000.0
9801,598500.0
9802,227000.0
9803,188500.0
9804,168375.0
9805,1110000.0
9806,590500.0
9807,509000.0
9808,217000.0
9809,266500.0
9810,525000.0
9811,441111.1111111111
9812,152500.0
9813,207500.0
9814,549000.0
9815,225000.0
9816,268531.25
9817,449500.0
9818,961500.0
9819,221921.875
9820,714000.0
9821,105500.0
9822,295500.0
9823,253000.0
9824,241500.0
9825,209750.0
9826,477500.0
9827,315320.0
9828,345000.0
9829,561000.0
9830,642500.0
9831,749000.0
9832,565000.0
9833,126500.0
9834,324000.0
9835,134000.0
9836,506666.6666666667
9837,401363.63636363635
9838,635000.0
9839,374500.0
9840,528000.0
9841,230125.0
9842,565000.0
9843,424000.0
9844,363500.0
9845,524910.1123595505
9846,617000.0
9847,759500.0
9848,221500.0
9849,677500.0
9850,674500.0
9851,714000.0
9852,389000.0
9853,241500.0
9854,358500.0
9855,402500.0
9856,225000.0
9857,270794.1176470588
9858,944500.0
9859,306500.0
9860,146111.11111111112
9861,323000.0
9862,502000.0
9863,277000.0
9864,396428.5714285714
9865,514500.0
9866,238000.0
9867,374000.0
9868,235000.0
9869,264000.0
9870,376125.0
9871,302500.0
9872,510500.0
9873,331500.0
9874,402500.0
9875,290750.0
9876,849521.7391304348
9877,93250.0
9878,540500.0
9879,82400.0
9880,337500.0
9881,346500.0
9882,752000.0
9883,247000.0
9884,549000.0
9885,280600.0
9886,146600.0
9887,352125.0
9888,269000.0
9889,341500.0
9890,487500.0
9891,291000.0
9892,210954.54545454544
9893,173500.0
9894,159000.0
9895,277250.0
9896,283500.0
9897,250500.0
9898,231000.0
9899,163000.0
9900,143333.33333333334
9901,522500.0
9902,311800.0
9903,907500.0
9904,216000.0
9905,164000.0
9906,315000.0
9907,417500.0
9908,322250.0
9909,863000.0
9910,440500.0
9911,450333.3333333333
9912,228000.0
9913,510000.0
9914,316000.0
9915,191750.0
9916,422000.0
9917,172250.0
9918,183000.0
9919,291000.0
9920,528000.0
9921,304500.0
9922,446000.0
9923,487083.3333333333
9924,193000.0
9925,995000.0
9926,301500.0
9927,175625.0
9928,432500.0
9929,751500.0
9930,499000.0
9931,448500.0
9932,229500.0
9933,141500.0
9934,142000.0
9935,150500.0
9936,575500.0
9937,326000.0
9938,85666.66666666667
9939,137500.0
9940,303625.0
9941,249000.0
9942,205500.0
9943,573500.0
9944,184500.0
9945,94500.0
9946,602000.0
9947,527000.0
9948,250500.0
9949,201500.0
9950,472500.0
9951,173666.66666666666
9952,324000.0
9953,632000.0
9954,138500.0
9955,180500.0
9956,731500.0
9957,484500.0
9958,303500.0
9959,142625.0
9960,547500.0
9961,249041.66666666666
9962,230750.0
9963,245000.0
9964,263500.0
9965,516500.0
9966,559500.0
9967,169500.0
9968,252000.0
9969,228000.0
9970,430000.0
9971,730500.0
9972,396750.0
9973,222500.0
9974,266000.0
9975,500500.0
9976,229500.0
9977,264000.0
9978,442166.6666666667
9979,748500.0
9980,316500.0
9981,390500.0
9982,297413.04347826086
9983,605500.0
9984,360000.0
9985,898500.0
9986,288700.0
9987,522500.0
9988,448500.0
9989,603500.0
9990,233000.0
9991,613000.0
9992,301000.0
9993,226000.0
9994,528241.3793103448
9995,236891.30434782608
9996,99000.0
9997,129000.0
9998,382000.0
9999,243000.0
10000,782000.0
